名前,佐藤大輔,,,コード,役,回数,割合,順位,,回,スコア,,局,平均点数,回数,合計
対戦数,6 回,,,52,赤ドラ,5 回,125.00%,3 位,,0,±0,,東1局,-3467,6 回,-20800
総局数,57 回,,,01,立直,2 回,50.00%,35 位,,1,-31.2,,東2局,-667,6 回,-4000
通算スコア,-134.2,,,10,役牌,2 回,50.00%,12 位,,2,-93.5,,東3局,-1667,6 回,-10000
平均スコア,-22.37,,,03,ドラ,1 回,25.00%,52 位,,3,-34.8,,東4局,-1683,6 回,-10100
平均順位,3.00 位,,,04,裏ドラ,1 回,25.00%,21 位,,4,-30.1,,南1局,-3040,5 回,-15200
1位,1 回,16.7%,,06,門前清自摸和,1 回,25.00%,39 位,,5,-85.1,,南2局,-933,3 回,-2800
2位,1 回,16.7%,,08,一盃口,1 回,25.00%,4 位,,6,-134.2,,南3局,-150,2 回,-300
3位,1 回,16.7%,,09,タンヤオ,1 回,25.00%,8 位,,,,,南4局,-1000,1 回,-1000
4位,3 回,50.0%,,02,一発,0 回,0.00%,46 位,,,,,,,,
連対,2 回,33.3%,,07,平和,0 回,0.00%,50 位,,,,,位置,スコア,回数,合計
ふっとび,1 回,16.7%,,11,海底摸月,0 回,0.00%,10 位,,,,,東家,+31.70,2 回,63.4
リーチ,8 回,14.0%,,12,河底撈魚,0 回,0.00%,11 位,,,,,南家,-40.15,2 回,-80.3
副露,13 回,22.8%,,13,嶺上開花,0 回,0.00%,7 位,,,,,西家,-55.00,1 回,-55
リーチ成功,2 回,25.0%,,14,槍槓,0 回,0.00%,1 位,,,,,北家,-62.30,1 回,-62.3
副露成功,2 回,15.4%,,15,ダブル立直,0 回,0.00%,1 位,,,,,,,,
アガリ,4 回,7.0%,,16,一気通貫,0 回,0.00%,23 位,,,,,相手,スコア,回数,合計
放銃,11 回,19.3%,,17,チャンタ,0 回,0.00%,15 位,,,,,中村花菜,+24.20,1 回,24.2
ツモ,1 回,25.0%,,18,三色同順,0 回,0.00%,27 位,,,,,清水遙斗,-5.17,3 回,-15.5
ロン,3 回,75.0%,,19,三色同刻,0 回,0.00%,4 位,,,,,三井祐輝,-9.25,2 回,-18.5
リーチアガリ,2 回,50.0%,,20,三暗刻,0 回,0.00%,16 位,,,,,笠原誠,-21.95,2 回,-43.9
副露アガリ,2 回,50.0%,,21,三槓子,0 回,0.00%,1 位,,,,,山本悠介,-28.00,5 回,-140
ダマアガリ,0 回,0.0%,,22,対々和,0 回,0.00%,24 位,,,,,山田夏寿希,-38.50,2 回,-77
平均アガリ点,6975,27900,,23,小三元,0 回,0.00%,4 位,,,,,小林莉子,-52.20,1 回,-52.2
門前アガリ点,11000,22000,,24,混老頭,0 回,0.00%,1 位,,,,,市原望叶,-52.80,1 回,-52.8
副露アガリ点,2950,5900,,25,七対子,0 回,0.00%,29 位,,,,,宮沢璃空,-140.10,1 回,-140.1
平均放銃点,-4573,-50300,,26,二盃口,0 回,0.00%,5 位,,,,,,,,
連続アガリ,1 回,0 回,,27,純チャン,0 回,0.00%,9 位,,,,,,,,
連続無放銃,11 回,0 回,,28,混一色,0 回,0.00%,30 位,,,,,,,,
最大ドラ数,3 個,,,30,清一色,0 回,0.00%,13 位,,,,,,,,
最高点,38700,,,31,国士無双,0 回,0.00%,3 位,,,,,,,,
チョンボ,0 回,0.0%,,32,四暗刻,0 回,0.00%,3 位,,,,,,,,
,,,,33,字一色,0 回,0.00%,1 位,,,,,,,,
翻数,回数,割合,,34,大三元,0 回,0.00%,3 位,,,,,,,,
1翻,0 回,0.0%,,35,大四喜,0 回,0.00%,1 位,,,,,,,,
2翻,1 回,25.0%,,36,小四喜,0 回,0.00%,1 位,,,,,,,,
3翻,2 回,50.0%,,37,緑一色,0 回,0.00%,1 位,,,,,,,,
4翻,0 回,0.0%,,38,清老頭,0 回,0.00%,1 位,,,,,,,,
5翻,0 回,0.0%,,39,四槓子,0 回,0.00%,1 位,,,,,,,,
6翻,1 回,25.0%,,40,九蓮宝燈,0 回,0.00%,1 位,,,,,,,,
7翻,0 回,0.0%,,41,天和,0 回,0.00%,1 位,,,,,,,,
8翻,0 回,0.0%,,42,地和,0 回,0.00%,1 位,,,,,,,,
9翻,0 回,0.0%,,,,,,,,,,,,,,
10翻,0 回,0.0%,,,,,,,,,,,,,,
11翻,0 回,0.0%,,,,,,,,,,,,,,
12翻,0 回,0.0%,,,,,,,,,,,,,,
13翻～,0 回,0.0%,,,,,,,,,,,,,,
