名前,等々力潤,,,コード,役,回数,割合,順位,,回,スコア,,局,平均点数,回数,合計
対戦数,1 回,,,01,立直,2 回,66.67%,14 位,,0,±0,,東1局,+8000,1 回,8000
総局数,11 回,,,06,門前清自摸和,2 回,66.67%,3 位,,1,+58.8,,東2局,±0,1 回,0
通算スコア,+58.8,,,09,タンヤオ,2 回,66.67%,3 位,,,,,東3局,+8000,1 回,8000
平均スコア,+58.80,,,52,赤ドラ,2 回,66.67%,8 位,,,,,東4局,±0,1 回,0
平均順位,1.00 位,,,02,一発,1 回,33.33%,4 位,,,,,南1局,-2500,1 回,-2500
1位,1 回,100.0%,,10,役牌,1 回,33.33%,42 位,,,,,南2局,±0,1 回,0
2位,0 回,0.0%,,03,ドラ,0 回,0.00%,56 位,,,,,南3局,+1300,1 回,1300
3位,0 回,0.0%,,04,裏ドラ,0 回,0.00%,55 位,,,,,南4局,-1000,1 回,-1000
4位,0 回,0.0%,,07,平和,0 回,0.00%,50 位,,,,,,,,
連対,1 回,100.0%,,08,一盃口,0 回,0.00%,42 位,,,,,位置,スコア,回数,合計
ふっとび,0 回,0.0%,,11,海底摸月,0 回,0.00%,10 位,,,,,東家,±0,0 回,0
リーチ,2 回,18.2%,,12,河底撈魚,0 回,0.00%,11 位,,,,,南家,+58.80,1 回,58.8
副露,1 回,9.1%,,13,嶺上開花,0 回,0.00%,7 位,,,,,西家,±0,0 回,0
リーチ成功,2 回,100.0%,,14,槍槓,0 回,0.00%,1 位,,,,,北家,±0,0 回,0
副露成功,1 回,100.0%,,15,ダブル立直,0 回,0.00%,1 位,,,,,,,,
アガリ,3 回,27.3%,,16,一気通貫,0 回,0.00%,23 位,,,,,相手,スコア,回数,合計
放銃,0 回,0.0%,,17,チャンタ,0 回,0.00%,14 位,,,,,清水遙斗,+106.80,1 回,106.8
ツモ,2 回,66.7%,,18,三色同順,0 回,0.00%,27 位,,,,,小林莉子,+83.60,1 回,83.6
ロン,1 回,33.3%,,19,三色同刻,0 回,0.00%,4 位,,,,,山本悠介,+45.80,1 回,45.8
リーチアガリ,2 回,66.7%,,20,三暗刻,0 回,0.00%,16 位,,,,,,,,
副露アガリ,1 回,33.3%,,21,三槓子,0 回,0.00%,1 位,,,,,,,,
ダマアガリ,0 回,0.0%,,22,対々和,0 回,0.00%,24 位,,,,,,,,
平均アガリ点,6000,18000,,23,小三元,0 回,0.00%,4 位,,,,,,,,
門前アガリ点,8000,16000,,24,混老頭,0 回,0.00%,1 位,,,,,,,,
副露アガリ点,2000,2000,,25,七対子,0 回,0.00%,28 位,,,,,,,,
平均放銃点,0,0,,26,二盃口,0 回,0.00%,5 位,,,,,,,,
連続アガリ,1 回,0 回,,27,純チャン,0 回,0.00%,9 位,,,,,,,,
連続無放銃,11 回,11 回,,28,混一色,0 回,0.00%,30 位,,,,,,,,
最大ドラ数,1 個,,,30,清一色,0 回,0.00%,13 位,,,,,,,,
最高点,38800,,,31,国士無双,0 回,0.00%,3 位,,,,,,,,
チョンボ,0 回,0.0%,,32,四暗刻,0 回,0.00%,3 位,,,,,,,,
,,,,33,字一色,0 回,0.00%,1 位,,,,,,,,
翻数,回数,割合,,34,大三元,0 回,0.00%,3 位,,,,,,,,
1翻,0 回,0.0%,,35,大四喜,0 回,0.00%,1 位,,,,,,,,
2翻,1 回,33.3%,,36,小四喜,0 回,0.00%,1 位,,,,,,,,
3翻,0 回,0.0%,,37,緑一色,0 回,0.00%,1 位,,,,,,,,
4翻,2 回,66.7%,,38,清老頭,0 回,0.00%,1 位,,,,,,,,
5翻,0 回,0.0%,,39,四槓子,0 回,0.00%,1 位,,,,,,,,
6翻,0 回,0.0%,,40,九蓮宝燈,0 回,0.00%,1 位,,,,,,,,
7翻,0 回,0.0%,,41,天和,0 回,0.00%,1 位,,,,,,,,
8翻,0 回,0.0%,,42,地和,0 回,0.00%,1 位,,,,,,,,
9翻,0 回,0.0%,,,,,,,,,,,,,,
10翻,0 回,0.0%,,,,,,,,,,,,,,
11翻,0 回,0.0%,,,,,,,,,,,,,,
12翻,0 回,0.0%,,,,,,,,,,,,,,
13翻～,0 回,0.0%,,,,,,,,,,,,,,
