名前,遠山龍之介,,,コード,役,回数,割合,順位,,回,スコア,,局,平均点数,回数,合計
対戦数,1 回,,,01,立直,1 回,50.00%,34 位,,0,±0,,東1局,±0,1 回,0
総局数,8 回,,,06,門前清自摸和,1 回,50.00%,6 位,,1,-18.5,,東2局,+2700,1 回,2700
通算スコア,-18.5,,,10,役牌,1 回,50.00%,11 位,,,,,東3局,-2600,1 回,-2600
平均スコア,-18.50,,,52,赤ドラ,1 回,50.00%,26 位,,,,,東4局,-2600,1 回,-2600
平均順位,3.00 位,,,02,一発,0 回,0.00%,47 位,,,,,南1局,-2000,1 回,-2000
1位,0 回,0.0%,,03,ドラ,0 回,0.00%,57 位,,,,,南2局,+2000,1 回,2000
2位,0 回,0.0%,,04,裏ドラ,0 回,0.00%,55 位,,,,,南3局,-1000,1 回,-1000
3位,1 回,100.0%,,07,平和,0 回,0.00%,50 位,,,,,南4局,±0,0 回,0
4位,0 回,0.0%,,08,一盃口,0 回,0.00%,42 位,,,,,,,,
連対,0 回,0.0%,,09,タンヤオ,0 回,0.00%,51 位,,,,,位置,スコア,回数,合計
ふっとび,0 回,0.0%,,11,海底摸月,0 回,0.00%,10 位,,,,,東家,±0,0 回,0
リーチ,1 回,12.5%,,12,河底撈魚,0 回,0.00%,11 位,,,,,南家,±0,0 回,0
副露,2 回,25.0%,,13,嶺上開花,0 回,0.00%,7 位,,,,,西家,±0,0 回,0
リーチ成功,1 回,100.0%,,14,槍槓,0 回,0.00%,1 位,,,,,北家,-18.50,1 回,-18.5
副露成功,1 回,50.0%,,15,ダブル立直,0 回,0.00%,1 位,,,,,,,,
アガリ,2 回,25.0%,,16,一気通貫,0 回,0.00%,24 位,,,,,相手,スコア,回数,合計
放銃,2 回,25.0%,,17,チャンタ,0 回,0.00%,15 位,,,,,前田卓美,+28.90,1 回,28.9
ツモ,1 回,50.0%,,18,三色同順,0 回,0.00%,27 位,,,,,笠原誠,-23.70,1 回,-23.7
ロン,1 回,50.0%,,19,三色同刻,0 回,0.00%,4 位,,,,,清水遙斗,-79.20,1 回,-79.2
リーチアガリ,1 回,50.0%,,20,三暗刻,0 回,0.00%,17 位,,,,,,,,
副露アガリ,1 回,50.0%,,21,三槓子,0 回,0.00%,1 位,,,,,,,,
ダマアガリ,0 回,0.0%,,22,対々和,0 回,0.00%,24 位,,,,,,,,
平均アガリ点,2350,4700,,23,小三元,0 回,0.00%,4 位,,,,,,,,
門前アガリ点,2700,2700,,24,混老頭,0 回,0.00%,1 位,,,,,,,,
副露アガリ点,2000,2000,,25,七対子,0 回,0.00%,29 位,,,,,,,,
平均放銃点,-1800,-3600,,26,二盃口,0 回,0.00%,5 位,,,,,,,,
連続アガリ,1 回,0 回,,27,純チャン,0 回,0.00%,9 位,,,,,,,,
連続無放銃,3 回,3 回,,28,混一色,0 回,0.00%,30 位,,,,,,,,
最大ドラ数,1 個,,,30,清一色,0 回,0.00%,15 位,,,,,,,,
最高点,21500,,,31,国士無双,0 回,0.00%,3 位,,,,,,,,
チョンボ,0 回,0.0%,,32,四暗刻,0 回,0.00%,3 位,,,,,,,,
,,,,33,字一色,0 回,0.00%,1 位,,,,,,,,
翻数,回数,割合,,34,大三元,0 回,0.00%,3 位,,,,,,,,
1翻,0 回,0.0%,,35,大四喜,0 回,0.00%,1 位,,,,,,,,
2翻,2 回,100.0%,,36,小四喜,0 回,0.00%,1 位,,,,,,,,
3翻,0 回,0.0%,,37,緑一色,0 回,0.00%,1 位,,,,,,,,
4翻,0 回,0.0%,,38,清老頭,0 回,0.00%,1 位,,,,,,,,
5翻,0 回,0.0%,,39,四槓子,0 回,0.00%,1 位,,,,,,,,
6翻,0 回,0.0%,,40,九蓮宝燈,0 回,0.00%,1 位,,,,,,,,
7翻,0 回,0.0%,,41,天和,0 回,0.00%,1 位,,,,,,,,
8翻,0 回,0.0%,,42,地和,0 回,0.00%,1 位,,,,,,,,
9翻,0 回,0.0%,,,,,,,,,,,,,,
10翻,0 回,0.0%,,,,,,,,,,,,,,
11翻,0 回,0.0%,,,,,,,,,,,,,,
12翻,0 回,0.0%,,,,,,,,,,,,,,
13翻～,0 回,0.0%,,,,,,,,,,,,,,
